{
  "test-syntax.js": 1775315550.066183,
  "vite.config.js": 1775631109.391463,
  "babel.config.js": 1773191557.5046139,
  "vue.config.js": 1775315550.0664904,
  "test-compile.js": 1773191557.5153306,
  "src/main.js": 1775631109.359379,
  "src/utils/index.js": 1775631109.3597505,
  "src/hooks/useListNavigation.js": 1775631109.3590963,
  "src/hooks/useClipOperate.js": 1775315550.064671,
  "src/hooks/useVirtualListScroll.js": 1775631115.0114632,
  "src/global/restoreSetting.js": 1774950672.1311579,
  "src/global/readSetting.js": 1775631109.3589826,
  "src/global/shortcutKey.js": 1775107027.1661346,
  "src/global/windowManager.js": 1773191557.513421,
  "src/global/hotkeyLayers.js": 1773191557.512705,
  "src/global/utoolsDB.js": 1775315550.0641885,
  "src/global/hotkeyBindings.js": 1775376663.8136327,
  "src/global/hotkeyLabels.js": 1775376663.8139734,
  "src/global/hotkeyRegistry.js": 1775631115.0108418,
  "src/global/initPlugin.js": 1775631115.0110896,
  "src/global/dbMigration.js": 1775315550.0577238,
  "src/global/hotkeyGraph.js": 1775108932.131927,
  "src/global/desktopPreview.js": 1773191557.5119357,
  "src/global/imageUtils.js": 1775315550.063414,
  "src/global/devDbStub.js": 1775315550.0580056,
  "src/global/registerElement.js": 1774953562.9917564,
  "src/global/batchOperations.js": 1775315550.057545,
  "changelog.md": 1775631115.007172,
  "README.md": 1774957470.0962029,
  "publishLog.md": 1775631115.0080252,
  "AGENTS.md": 1775631115.0068,
  "specs/001-delete-search-nav-ux/quickstart.md": 1775631115.0089452,
  "specs/001-delete-search-nav-ux/tasks.md": 1775631115.0098,
  "specs/001-delete-search-nav-ux/research.md": 1775631115.00919,
  "specs/001-delete-search-nav-ux/data-model.md": 1775631115.0086117,
  "specs/001-delete-search-nav-ux/plan.md": 1775631115.008812,
  "specs/001-delete-search-nav-ux/spec.md": 1775631115.009509,
  "specs/001-delete-search-nav-ux/checklists/requirements.md": 1775631115.0083,
  "specs/001-delete-search-nav-ux/contracts/ui-keyboard-search.md": 1775631115.0084877,
  "docs/\u63d2\u4ef6\u6838\u5fc3\u8981\u7d20\u8bf4\u660e.md": 1775631115.0077102,
  "docs/troubleshoot-paste-and-popup.md": 1775631109.356753,
  "docs/storage-refactor-plan-20260404170300.md": 1775316975.9054585,
  "docs/\u7528\u6237\u7b80\u660e\u8bf4\u660e.md": 1775631115.007874,
  "docs/EzClipboardIntro.md": 1775631109.3559263,
  "docs/design/tempToFix-\u65b9\u6848-\u4fee\u8ba2.md": 1773191557.5081055,
  "docs/design/toFix.md": 1773191557.5082264,
  "docs/design/tempToFix.md": 1773191557.508168,
  "docs/design/todo-solution.md": 1773191557.5082908,
  "docs/design/todo.md": 1773191557.508363,
  "docs/todo/26040502-vite-transtack/260405-\u9879\u76ee\u5168\u91cf\u9700\u6c42\u5b58\u50a8\u4ea4\u4e92\u8fc1\u79fb\u603b\u89c8.md": 1775631109.3566296,
  "docs/todo/260405-\u4ea4\u4e92\u4f18\u5316/260406-\u641c\u7d22\u6846\u4e2d\u6587\u9996\u952e\u4e0eIME\u6c47\u603b.md": 1775631109.3561125,
  "docs/todo/260405-\u4ea4\u4e92\u4f18\u5316/\u79fb\u52a8\u6548\u679c\u4f18\u5316/260405-\u5217\u8868\u91cd\u6784\u8bc4\u4f30.md": 1775631109.3564017,
  "docs/todo/260405-\u4ea4\u4e92\u4f18\u5316/\u9884\u89c8\u6548\u679c\u4f18\u5316/zt-Preview-\u539f\u59cb\u9700\u6c42.md": 1775377323.9622176,
  "docs/todo/26-oldDone/260130-cursor-image-preview-verify.md": 1773191557.505208,
  "docs/todo/26-oldDone/260130-cursor-item-preview.md": 1773191557.5052657,
  "docs/todo/26-oldDone/260331-codex-current-changes-summary.md": 1774956800.6186557,
  "docs/todo/26-oldDone/260130-cursor-multiplatform-hotkey-verify.md": 1773191557.505332,
  "docs/todo/26-oldDone/260205-cursor-hotkey-tree-view.md": 1773191557.50548,
  "docs/todo/26-oldDone/260130-cursor-clipboard-listener-principle.md": 1773191557.5049815,
  "docs/todo/26-oldDone/260130-cursor-clipitemlist-preview-script-tag-fix.md": 1773191557.5050673,
  "docs/todo/26-oldDone/260130-cursor-drawer-animation.md": 1773191557.5051239,
  "docs/todo/26-oldDone/260129-cursor-hotkey-verify.md": 1773191557.5048947,
  "docs/todo/26-oldDone/260126-cursor-utools\u6d4b\u8bd5\u9a8c\u8bc1\u6307\u5357.md": 1773191557.504801,
  "docs/todo/26-oldDone/260201-cursor-clipboard-event-loop-fix.md": 1773191557.5053961,
  "docs/todo/26-oldDone/fix/\u5feb\u901f\u67e5\u627e\u8def\u5f84\u811a\u672c.md": 1773191557.5058649,
  "docs/todo/26-oldDone/fix/\u4fee\u590d\u7248\u67e5\u627e\u8def\u5f84\u811a\u672c.md": 1773191557.50572,
  "docs/todo/26-oldDone/fix/\u526a\u8d34\u677f\u76d1\u542c\u95ee\u9898\u6392\u67e5.md": 1773191557.5057914,
  "docs/todo/26-oldDone/fix/\u6700\u7ec8\u7248\u67e5\u627e\u8def\u5f84\u811a\u672c.md": 1773191557.5059245,
  "docs/todo/26-oldDone/fix/\u67e5\u627e\u6570\u636e\u5e93\u548c\u76d1\u542c\u7a0b\u5e8f\u8def\u5f84.md": 1773191557.5059886,
  "docs/todo/260404-\u5e95\u5c42\u6570\u636e\u91cd\u6784/AiGen/260404-cursor-\u6570\u636e\u91cd\u6784\u539f\u59cb\u9700\u6c42\u68b3\u7406.md": 1775357349.163893,
  "docs/todo/260404-\u5e95\u5c42\u6570\u636e\u91cd\u6784/AiGen/260404-sweep-\u6570\u636e\u91cd\u6784\u539f\u59cb\u9700\u6c42\u68b3\u7406.md": 1775357349.164087,
  "docs/todo/260404-\u5e95\u5c42\u6570\u636e\u91cd\u6784/AiGen/260404-cascade-\u6570\u636e\u91cd\u6784\u539f\u59cb\u9700\u6c42\u68b3\u7406.md": 1775357349.163627,
  "docs/todo/260404-\u5e95\u5c42\u6570\u636e\u91cd\u6784/Codex/260404-codex-Clipboard\u4fee\u590d\u8ba1\u5212.md": 1775357349.1653132,
  "docs/todo/260404-\u5e95\u5c42\u6570\u636e\u91cd\u6784/Codex/260404-codex-Clipboard\u5b9e\u65bd\u9519\u6f0f\u7b14\u8bb0.md": 1775357349.1655219,
  "docs/todo/260404-\u5e95\u5c42\u6570\u636e\u91cd\u6784/Codex/260404-codex-Clipboard\u5b9e\u73b0\u4e0e\u6d4b\u8bd5\u7b14\u8bb0.md": 1775357349.1658561,
  "docs/todo/260404-\u5e95\u5c42\u6570\u636e\u91cd\u6784/Codex/260404-codex-Clipboard\u95ee\u9898\u5224\u65ad.md": 1775357349.1661985,
  "docs/todo/260404-\u5e95\u5c42\u6570\u636e\u91cd\u6784/Cascade/260404-cascade-phase1-\u5b9e\u65bd\u8bb0\u5f55.md": 1775357349.1642992,
  "docs/todo/260404-\u5e95\u5c42\u6570\u636e\u91cd\u6784/Cascade/260404-cascade-phase2-\u5b9e\u65bd\u8bb0\u5f55.md": 1775357349.1645734,
  "docs/todo/260404-\u5e95\u5c42\u6570\u636e\u91cd\u6784/Cascade/260404-cascade-phase2-\u8ba1\u5212.md": 1775357349.1649365,
  "docs/todo/260404-\u5e95\u5c42\u6570\u636e\u91cd\u6784/zzDone/260404-czz-\u56fe\u7247\u6587\u4ef6\u6536\u85cf\u5907\u4efd\u65b9\u6848.md": 1775357349.1666179,
  "docs/todo/260404-\u5e95\u5c42\u6570\u636e\u91cd\u6784/zzDone/260404-czz-\u6570\u636e\u91cd\u6784\u539f\u59cb\u9700\u6c42\u68b3\u7406.md": 1775357349.167184,
  "docs/todo/260404-\u5e95\u5c42\u6570\u636e\u91cd\u6784/zzDone/260404-czz-\u952e\u76d8\u5bfc\u822a\u61d2\u52a0\u8f7d\u95ee\u9898\u5206\u6790.md": 1775357349.1674101,
  "docs/todo/260404-\u5e95\u5c42\u6570\u636e\u91cd\u6784/zzDone/260404-czz-\u6570\u636e\u5c55\u793a\u539f\u59cb\u9700\u6c42.md": 1775357349.166971,
  "docs/todo/260404-\u5e95\u5c42\u6570\u636e\u91cd\u6784/zzTodo/260404-czz-done.md": 1775356946.7177527,
  "docs/todo/260404-\u5e95\u5c42\u6570\u636e\u91cd\u6784/AiPlan/260404-\u6570\u636e\u5c55\u793a\u9700\u6c42\u6838\u9a8c\u4fee\u590d-\u8bc4\u4f30\u4f18\u5316.md": 1775315550.0529284,
  "docs/todo/260404-\u5e95\u5c42\u6570\u636e\u91cd\u6784/AiPlan/260404-\u6570\u636e\u5c55\u793a\u9700\u6c42\u6838\u9a8c\u4fee\u590d-\u8ba1\u5212.md": 1775315550.0527987,
  "docs/VersionDesc/20260331-v0-\u5f53\u524d\u7248\u672c\u67b6\u6784\u4e0e\u8fed\u4ee3\u57fa\u7ebf\u8bf4\u660e.md": 1774957479.154804,
  "docs/VersionDesc/README.md": 1774947227.2748883,
  "docs/VersionDesc/utools-release/20260331-vNext-utools\u7248\u672c\u53d1\u5e03\u8bf4\u660e.md": 1774957498.7155452,
  "graphify-out/GRAPH_REPORT.md": 1775713524.216953,
  "vibe/ai-rules/02-architecture-planning.md": 1775631109.3608372,
  "vibe/ai-rules/aiToDo.md": 1775631109.3612552,
  "vibe/ai-rules/05-verification-checklist.md": 1775631109.3610373,
  "vibe/ai-rules/00-error-memory.md": 1775631115.0120225,
  "vibe/ai-rules/00-writing-style.md": 1775631109.3606317,
  "vibe/ai-rules/06-change-log-format.md": 1775631115.0123317,